USE SisComAgenciaDeCarros

INSERT INTO tbClientes(cliCodigo,cliNome,cliFonePes,cliDtNasc,cliRG,cliCPF)
	VALUES (11, 'Antonio', 999999, 09/06/1993, '2828','634'),
		  (214, 'Claudio', 999999, 01/12/1982, '141414','824'),
		  (33,'Ana', 999999, 09/03/1945, '3939','9638'),
		  (44, 'Jorge',999999, 09/05/1947,'25698','85'),
		  (55, 'Kyon', 999999, 09/07/1987,'857','69'),
		  (66, 'Jhun', 999999,01/01/2004,'8528','58'),
		  (778,'Joana', 999999,02/09/1987,'171','691'),
		  (890, 'Koi', 999999,09/02/2000,'855','35'),
		  (954,'Jyn', 999999,09/07/1998,'47','152'),
		  (10234, 'Karlos', 999999,09/04/2001,'252','52741'),
		  (11123, 'Julios', 999999, 09/02/1965,'141','952741'),
		  (12543, 'João', 999999, 07/03/1987,'71','971'),
		  (13432, 'Paula', 999999, 08/03/1993, '95415', '9152'),
		  (1234, 'Jorge', 999999, 08/03/1899, '28','982'),
		  (15423, 'Claudio', 999999, 07/02/1992, '47','821'),
		  (16423, 'jose', 999999, 09/06/1993, '5858','52147'),
		  (1427, 'Anderson', 999999, 01/12/1982, '4967','417'),
		  (142348,'Koin', 999999, 09/03/1945, '293','285'),
		  (12349, 'Katlin',999999, 09/05/1947,'529741','17'),
		  (2230, 'Tatsumi', 999999, 09/07/1987,'58525','57452'),
		  (21423, 'Jhun', 999999,01/01/2004,'47','24728'),
		  (222,'Joana', 999999,02/09/1987,'4637','1782'),
		  (24323, 'Koi', 999999,09/02/2000,'74855','174'),
		  (2434,'Jyn', 999999,09/07/1998,'967','17428'),
		  (2545, 'Bolos', 999999,09/04/2001,'74574','4187'),
		  (234266, 'Julys', 999999, 09/02/1965,'6372','17428'),
		  (27, 'Amanda', 999999, 07/03/1987,'74874','74185'),
		  (213258, 'Fernando', 999999, 08/03/1993, '7452', '7418'),
		  (6529, 'Naldo', 999999, 08/03/1899, '7452','74185'),
		  (54330, 'Paulo', 999999, 07/02/1992, '35241','7418'),
		  (4848,'Bianca',8282,07/03/1883,'3451','8383')

		  INSERT INTO tbPais(paisSigla,paisNome)
	VALUES('USA','Estados Unidos'),
	('BR','Brasil')

INSERT INTO tb_Fornecedores(forCodigo,forEmpresa,forEmail,forContato,forFone,forCNPJ,forIE,forLO)
	VALUES (1, 'Carros rápidos','carrosrapidos@carros.com','11 8290-20','82818812','123456789','541','BR'),
		   (2, 'Altos carros','altos@carros.com','11 7283-92','2828','28517','9641','BR'),
		   (3, 'Agencia speed','agencia@speed.com','11 17-92','2828','28528','9641','BR'),
		   (4, 'Seu carro aqui','seu@carro.com','11 852-92','171','1714','4193','BR'),
		   (5, 'Mais carros','mais@carros.com','11 28-92','12312312','2825','7452','BR'),
		   (6, 'Creative car','creative@cars.com','11 7283-92','12312312','17417','8241','BR'),
		   (7, 'Automóveis Luxy','auto@luxy.com','11 5285-92','12312312','1278','41635','BR'),
		   (8, 'ole Car','ole@car.com','11 5847-92','12312312','374','5274','USA'),
		   (9, 'Lev car','lev@car.com','11 474-92','12312312','52741','4196','USA'),
		   (10, 'Walve carros','muitos@carros.com','11 474-92','12312312','93741','5274','BR'),
		   (11, 'Jun carros','Jun@carros.com','11 0114-92','12312312','9574','4196','USA'),
		   (12, 'Contrac carros','contrac@carros.com','11 5858-92','12312312','974152','527','BR'),
		   (13, 'Kon carros','kon@carros.com','11 474-92','12312312','7496','341','USA'),
		   (14, 'Farm car','farm@car.com','11 474-92','12312312','52','6374','USA'),
		   (15, 'Lot carros','lot@carros.com','11 4747-92','12312312','9641','9641','USA'),
		   (17, 'Ultra Speed','ultra@speed.com','47 777-23','12312312','529741','7452','BR'),
		   (18, 'Best Cars','best@cars.com','47 2882-92','12312312','574193','4185','USA')


INSERT INTO tbTipoPagamento(tpgCodigo,tpgDescricao)
	VALUES (1, 'Cartão débito'),
		   (2, 'Cartão crédito'),
		   (3, 'Boleto bancário'),
		   (4, 'A vista')

INSERT INTO tbProdutos(prodCodigo,prodDescricao,prodDescResumida,prodQtAtual,prodValorVenda)
	VALUES(1,'Bugatti Preta','Carro rápido',10.0,9999.99),
		  (2,'Ferrari Cinza Claro','Carro rápido',8.0,8999.99),
		  (3,'Gol preto','Carro popular',8.0,8999.99),
		  (4,'Corsa rebaixado','Carro popular',8.0,8999.99),
		  (5,'Gol Cinza esculto','Carro popular',8.0,8999.99),
		  (6,'Gol preto','Carro popular',8.0,8999.99),
		  (7,'Corsa rebaixado','Carro popular',8.0,8999.99),
		  (8,'Gol Cinza esculto','Carro popular',8.0,8999.99),
		  (9,'Gol preto','Carro popular',8.0,8999.99),
		  (10,'Corsa rebaixado','Carro popular',8.0,8999.99),
		  (11,'Gol Cinza esculto','Carro popular',8.0,8999.99),
		  (12,'Gol preto','Carro popular',8.0,8999.99),
		  (13,'Corsa rebaixado','Carro popular',8.0,8999.99),
		  (14,'Gol preto','Carro popular',8.0,8999.99),
		  (15,'Corsa rebaixado','Carro popular',8.0,8999.99),
		  (16,'Gol preto','Carro popular',8.0,8999.99),
		  (17,'Corsa rebaixado','Carro popular',8.0,8999.99),
		  (18,'Gol preto','Carro popular',8.0,8999.99),
		  (19,'Corsa rebaixado','Carro popular',8.0,8999.99),
		  (20,'Gol preto','Carro popular',8.0,8999.99),
		  (21,'Corsa rebaixado','Carro popular',8.0,8999.99),
		  (22,'Gol preto','Carro popular',8.0,8999.99),
		  (23,'Corsa rebaixado','Carro popular',8.0,8999.99),
		  (24,'Gol preto','Carro popular',8.0,8999.99),
		  (25,'Corsa rebaixado','Carro popular',8.0,8999.99),
		  (26,'Gol preto','Carro popular',8.0,8999.99),
		  (27,'Corsa rebaixado','Carro popular',8.0,8999.99),
		  (28,'Gol preto','Carro popular',8.0,8999.99),
		  (29,'Corsa rebaixado','Carro popular',8.0,8999.99),
		  (30,'Gol Cinza esculto','Carro popular',8.0,7999.99),
		  (31,'Gol Cinza esculto','Carro popular',8.0,8999.99),
		  (32,'Gol Cinza esculto','Carro popular',8.0,8999.99),
		  (33,'Gol Cinza esculto','Carro popular',8.0,8999.99),
		  (34,'Gol Cinza esculto','Carro popular',8.0,8999.99),
		  (35,'Gol Cinza esculto','Carro popular',8.0,8999.99),
		  (36,'Gol Cinza esculto','Carro popular',8.0,8999.99),
		  (37,'Gol Cinza esculto','Carro popular',8.0,8999.99),
		  (38,'Gol Cinza esculto','Carro popular',8.0,8999.99),
		  (39,'Uno Cinza (Fiat)','Carro popular',8.0,9000.99),
		  (40,'Palio Branco (Fiat)','Carro popular',9.5,8699.99),
		  (41,'Palio Preto (Fiat)','Carro rapido',8.5,5999.99),
		  (42,'Uno Cinza (Fiat)','Carro popular',8.5,5999.99),
		  (43,'Siena Cinza (Fiat)','Carro comum',8.5,5999.99),
		  (44,'Siena Branco','Carro comum',8.5,5999.99),
		  (45,'Voyage Cinza(Volkswagen)','Top',8.5,5999.99),
		  (46,'Voyage Preto (Volkswagen)','Top',8.5,5899.99),
		  (47,'HB20 Preto  (Hyundai)','Carro rapido',9.0,8999.99),
		  (48,'HB20 Preto (Hyundai)','Carro rapido',9.0,8999.99),
		  (49,'HB20 Branco (Hyundai)','Carro rapido',9.0,8999.99),
		  (50,'HB20 Branco (Hyundai)','Carro rapido',9.0,8999.99),
		  (51,'NOVO ONIX Preto (chevrolet)','Carro popular',10.0,10999.99),
		  (52,'NOVO ONIX Preto (chevrolet)','Carro popular',10.0,10999.99),
		  (53,'NOVO ONIX Branco (chevrolet)','Carro popular',10.0,10999.99),
		  (54,'NOVO ONIX Branco (chevrolet)','Carro popular',10.0,10999.99),
		  (55,'NOVO ONIX Branco(chevrolet)','Carro popular',10.0,10999.99),
		  (56,'NOVO ONIX Cinza (chevrolet)','Carro popular',10.0,10999.99),
		  (57,'ONIX JOY Cinza (chevrolet)','carro popular',10.0,10999.99),
		  (58,'ONIX JOY Cinza (chevrolet)','Carro popular',10.0,10999.99),
		  (59,'ONIX JOY Cinza (chevrolet)','Carro popular',10.0,10999.99),
		  (60,'ONIX JOY Cinza (chevrolet)','Carro popular',10.0,10999.99),
		  (61,'ONIX JOY Cinza (chevrolet)','Carro popular',10.0,10999.99),
		  (62,'ONIX JOY Ciza (chevrolet)','Carro popular',10.0,10999.99),
		  (63,'ONIX JOY (chevrolet)','Carro popular',10.0,10999.99),
		  (64,'NOVO CAMARO 2020 Preto (chevrolet)','Carro de luxo',10.0,15999.00),
		  (65,'NOVO CAMARO 2020 Amarelo (chevrolet)','Carro de luxo',10.0,15999.00),
		  (66,'NOVO CAMARO 2020 Amarelo (chevrolet)','Carro de luxo',10.0,15999.00),
		  (67,'NOVO CAMARO 2020 Azul (chevrolet)','Carro de luxo',10.0,15999.00),
		  (68,'NOVO CAMARO 2020 Azul (chevrolet)','Carro de luxo',10.0,15999.00),
		  (69,'Mercedes-Benz Cinza','Carro de luxo',9.5,16599.99),
		  (70,'Mercedes-Benz Cinza','Carro de luxo',9.5,16599.99),
		  (71,'Mercedes-Benz Cinza','Carro de luxo',9.5,16599.99),
		  (72,'Mercedes-Benz Cinza','Carro de luxo',9.5,16599.99),
		  (73,'Mercedes-Benz Preto','Carro de luxo',9.5,16599.99),
		  (74,'Mercedes-Benz Preto','Carro de luxo',9.5,16599.99),
		  (75,'Mercedes-Benz Preto','Carro de luxo',9.5,16599.99)

INSERT INTO tbControlePedenciais(cpdCodigo,tpgCodigo,cliCodigo,cpdNumero,cpdValor,cpdDtCadastro,cpdPago,cpdDtPagto)
	VALUES(1,1,13432,'541',192.33,02/09/2020,1,09/02/2020),
		  (2,2,27,'12',192.33,02/09/2020,1,09/02/2020),
		  (3,3,33,'96',192.33,02/09/2020,1,09/02/2020),
		  (4,4,1427,'28',192.33,02/09/2020,1,09/02/2020),
		  (5,4,54330,'7',192.33,02/09/2020,1,09/02/2020),
		  (6,3,1427,'28',192.33,02/09/2020,1,09/02/2020),
		  (7,3,13432,'17',192.33,02/09/2020,1,09/02/2020),
		  (8,1,142348,'28',192.33,02/09/2020,1,09/02/2020),
		  (9,1,54330,'174',192.33,02/09/2020,1,09/02/2020),
		  (10,4,27,'17',192.33,02/09/2020,1,09/02/2020),
		  (11,2,1427,'258',192.33,02/09/2020,1,09/02/2020),
		  (12,1,1427,'28',192.33,02/09/2020,1,09/02/2020),
		  (13,4,54330,'474',192.33,02/09/2020,1,09/02/2020),
		  (14,3,142348,'85',192.33,02/09/2020,1,09/02/2020),
		  (15,2,27,'17',192.33,02/09/2020,1,09/02/2020)



	INSERT INTO tbEstados(estSigla,estNome,paisSigla)
		VALUES ('SP','São Paulo','BR'),
			('AC','Acre','BR'),
			('AL','Alagoas','BR'),
			('AP','Amapa','BR'),
			('AM','Amazonas','BR'),
			('BA','Bahia','BR'),
			('CE','Ceará','BR'),
			('DF','Distrito federal','BR'),
			('ES','Espirito Santo','BR'),
			('GO','Goiás','BR'),
			('MA','Maranhão','BR'),
			('MT','Mato grosso','BR'),
			('MS','mato grosso do sul','BR'),
			('MG','Minhas gerais','BR'),
			('PA','Pará','BR'),
			('PB','Paraíba','BR'),
			('PR','Paraná','BR'),
			('PE','Pernambuco','BR'),
			('PI','Piauí','BR'),
			('RJ','Rio de janeiro','BR'),
			('RN','Rio grande do Norte','BR'),
			('RS','Rio grande do Sul','BR'),
			('RO','Rondônia','BR'),
			('RR','Roraima','BR'),
			('SC','Santa Catarina','BR'),
			('SE','Sergipe','BR'),
			('TO','Tocantins','BR'),
			('ALA','Alabama','USA'),
			('HI','havaí','USA')

INSERT INTO tbCidades (cidSigla,cidNome,estSigla)
	VALUES ('SP','São Paulo','SP'),
	('BU','Bauru','SP'),
	('RJ','Rio de Janeiro','RJ'),
	('BR','Bauru','SP'),
	('RB','Rio branco','AC'),
	('MA','Manaus','AM'),
	('MO','Maceió','AL'),
	('VI','Vitória','ES'),
	('OZ','Osasco','SP'),
	('CU','Cuiabá','MT'),
	('CG','Campo grande','MS'),
	('BV','Boa vista','RR'),
	('SL','São Luis','MA'),
	('FT','Fortaleza','CE'),
	('SV','Salvador','BA'),
	('MC','Macapá','AP'),
	('DC','Washington','RR'),
	('TK','Toquio','RR'),
	('PR','Paris','RR'),
	('AFI','Moscow','RR')
	
	INSERT INTO tbBairros(baiSigla,baiNome,cidSigla)
	VALUES ('VB','Vila bela','SP'),
	('CQ','Conquista','SP'),
	('VV','Vila bela','SP'),
	('JA','Jardim ST.André','SP'),
	('GA','Guianazes','SP'),
	('IP','Ipanema','RJ'),
	('TI','Tijuca','RJ'),
	('SS','Conquista','SP'),
	('DS','Vila bela','SP'),
	('ZX','Jardim ST.André','SP'),
	('CV','Guianazes','SP'),
	('KO','Ipanema','RJ'),
	('K','Tijuca','RJ'),
	('BN','Conquista','SP'),
	('KL','Vila bela','SP'),
	('AJ','Jardim ST.André','SP'),
	('GF','Guianazes','SP'),
	('BV','Ipanema','RJ'),
	('FD','Tijuca','RJ'),
	('HJ','Conquista','SP'),
	('UI','Vila bela','SP'),
	('CX','Shibuya','SP'),
	('XC','Tsukiji','SP'),
	('NB','Harajuku ','RJ'),
	('V','Asakusa','RJ')

	INSERT INTO tb_enderecos(endCEP,endRUA,baiSigla)
	VALUES ('887','Rua existe','VB'),
	('03303','Bela vista','K'),
	('2342','Boa vinda','VB'),
	('423','Roas da costa','VB'),
	('234423','Ricardo venero','VB'),
	('2343234','Capa lista','VB'),
	('4234','Jorge costa venere','VB'),
	('9898','Rua existe','VB'),
	('852','Bela vista','K'),
	('285','Boa vinda','VB'),
	('282','Roas da costa','VB'),
	('2855','Ricardo venero','VB'),
	('141','Capa lista','VB'),
	('5858','Jorge costa venere','VB'),
	('59674','Rua existe','VB'),
	('7435','Bela vista','K'),
	('5974','Boa vinda','VB'),
	('6374','Roas da costa','VB'),
	('182','Ricardo venero','VB'),
	('93741','Capa lista','VB'),
	('3741','Jorge costa venere','VB'),
	('9741','Rua existe','VB')
	
	INSERT INTO tbCargos
	(carCodigo,carNome,carDescricao,carViHora)
	VALUES(1,'Faxineiro','Faz a faxina do local','100.00'),
	(2,'Cozinheiro','Faz a comida para todos do local','109.00'),
	(3,'Vendedor','Vende os produtos do local','100.00'),
	(4,'AuxiliarV,','Auxilia o vendedor na venda','150.00'),
	(5,'Segurança','Vigia e mantém seguro a área','99.00'),
	(6,'Espião','Espia lugares adversarios','55.00'),
	(7,'Desenvolvedor','Desenvolve o As ideias','40.00'),
	(8,'Trabalhador','Trabalha em qualquer coisa','58.00'),
	(9,'Tecnico','Faz manutenção e nos equipamentos','102.00'),
	(10,'Pintor','Pinta os carros','10.00')
	
	INSERT INTO tbDepartamentos
	(depCodigo,depNome,depDescricao)
	VALUES
	(1,'Adiministrativo','administra'),
	(2,'Financeiro','financia ou cuida das finanças'),
	(3,'Humanos','recursos dos humanos'),
	(4,'Comercial','comercios'),
	(5,'Correio','entregas'),
	(6,'Tecnologia','produtos tecnologicos'),
	(7,'Autoria','autoridades')
	INSERT INTO tbFuncionarios
	(funCodigo,funNome,endCEP,carCodigo,depCodigo,fundDtNasc,fundDtAdmissao)
	VALUES(1,'Pedro','2343234',1,1,09/06/1993,09/06/2003),
	(2,'Lucas','2343234',10,2,09/06/1993,09/06/2005),
	(3,'Fernando','2343234',2,3,09/06/1993,09/06/2007),
	(4,'Alan','2343234',3,4,09/06/1993,09/06/2015),
	(5,'Ruan','2343234',4,5,09/06/1993,09/06/2013),
	(6,'Gabriel','2343234',5,6,09/06/1993,09/04/2002),
	(7,'Felipe','2343234',6,7,09/06/1993,09/14/2004),
	(8,'Vinicius','2343234',7,1,09/06/1993,02/06/2002),
	(9,'Rosangela','2343234',8,2,02/07/1983,19/06/1993),
	(10,'ALberto','2343234',9,3,09/06/1983,10/06/2018)
	
	

	INSERT INTO tbVendas
	(venCodigo,cliCodigo,funCodigo,vemData,tpgCodigo)
	VALUES
	(1,55,1,10/06/2018,1),
	(3,778,3,10/06/2018,3),
	(4,954,4,10/06/2018,4),
	(5,890,5,10/06/2018,1),
	(6,11123,6,10/06/2018,2),
	(7,778,7,10/06/2018,3),
	(8,55,8,10/06/2018,4),
	(9,44,9,10/06/2018,1),
	(10,66,10,10/06/2018,2),
	(11,954,10,10/06/2018,3),
	(12,15423,9,10/06/2018,3),
	(13,6529,8,10/06/2018,4),
	(14,778,7,10/06/2018,4),
	(15,214,6,10/06/2018,1),
	(16,214,5,10/06/2018,2),
	(17,214,4,10/06/2018,3),
	(18,214,3,10/06/2018,4),
	(19,55,3,10/06/2018,1),
	(20,55,2,10/06/2018,2),
	(21,55,2,10/06/2018,3),
	(22,33,1,10/06/2018,4),
	(23,33,1,10/06/2018,1),
	(24,33,1,10/06/2018,2),
	(25,66,2,10/06/2018,3),
	(26,66,3,10/06/2018,4),
	(27,66,4,10/06/2018,1),
	(28,66,5,10/06/2018,2),
	(29,66,6,10/06/2018,4),
	(30,214,8,10/06/2018,3),
	(31,214,7,10/06/2018,4),
	(32,214,8,10/06/2018,2),
	(33,214,9,10/06/2018,2),
	(34,214,10,10/06/2018,1),
	(35,890,1,10/06/2018,3),
	(36,16423,3,10/06/2018,1),
	(37,16423,4,10/06/2018,2),
	(38,16423,6,10/06/2018,3),
	(39,16423,6,10/06/2018,4),
	(40,778,5,10/06/2018,1),
	(41,44,4,10/06/2018,2),
	(42,33,3,10/06/2018,3),
	(43,55,4,10/06/2018,4),
	(44,66,6,10/06/2018,4),
	(45,10234,8,10/06/2018,3),
	(46,778,7,10/06/2018,3),
	(47,55,7,10/06/2018,2),
	(48,44,8,10/06/2018,1),
	(49,33,9,10/06/2018,2),
	(50,214,9,10/06/2018,3)
	
	
	declare @num int,@venda int, @num2 int,@num3 int
	set @num = 1
	set @venda = 1
	set @num2 = 1
	set @num3 = 1
	while @num < 51 
	Begin
	set @venda = @venda + 1
		set @num = @num + 1
		
		INSERT INTO tbVendasAux(auxCodigo,venCodigo,prodCodigo) 
	VALUES (@num,@num,@venda)


	end